marketcodename,cpugen,number_of_systems,avg_on_time,avg_off_time,avg_modern_sleep_time,avg_sleep_time,avg_total_time,avg_pcnt_on_time,avg_pcnt_off_time,avg_pcnt_mods_time,avg_pcnt_sleep_time
dummy_591,dummy_610,307,2023-09-04 02:22:01,2024-11-13 05:54:29,2023-02-09 00:01:20,2024-04-09 00:30:06,2023-04-05 08:55:39,2023-10-28 15:44:08,2024-08-20 02:04:15,2024-08-27 10:25:36,2024-07-04 16:47:41
dummy_174,dummy_695,448,2024-08-24 01:16:38,2024-02-10 12:09:09,2023-08-24 10:14:01,2023-02-09 04:54:53,2024-06-18 08:30:52,2023-05-13 16:48:06,2023-10-30 09:18:40,2024-06-17 17:49:06,2024-07-09 20:09:51
dummy_597,dummy_322,981,2023-02-03 20:07:01,2023-09-08 16:01:33,2024-12-29 01:46:17,2024-02-06 11:54:20,2023-03-30 14:13:05,2024-02-17 02:47:27,2023-07-16 05:47:14,2024-11-12 06:57:21,2023-04-29 16:40:21
dummy_65,dummy_449,299,2024-06-26 18:00:43,2023-09-25 19:01:26,2023-02-15 13:33:03,2023-12-15 14:18:09,2024-06-11 01:03:04,2024-10-11 04:14:23,2024-02-27 13:56:05,2023-05-28 00:33:59,2023-05-29 01:20:34
dummy_499,dummy_1000,524,2024-09-21 22:56:56,2023-01-07 22:20:05,2023-08-14 11:44:49,2024-01-15 07:02:55,2023-05-26 09:01:06,2024-02-08 13:47:46,2024-05-17 06:46:39,2023-08-13 05:44:58,2023-06-09 21:36:38
dummy_934,dummy_609,670,2024-06-17 09:56:12,2024-12-24 05:05:57,2024-09-18 22:06:45,2024-09-15 23:41:15,2024-12-06 22:45:38,2024-01-15 16:27:49,2024-11-13 00:42:58,2023-11-30 15:08:37,2024-07-10 06:53:11
dummy_549,dummy_150,475,2023-08-05 23:59:29,2024-09-11 01:58:17,2024-08-21 10:55:30,2024-08-22 16:38:16,2023-09-08 13:21:52,2023-07-20 20:00:45,2024-05-27 08:26:00,2024-08-10 23:05:39,2024-04-09 15:33:26
dummy_986,dummy_424,82,2024-06-25 11:33:48,2023-12-28 23:12:56,2024-09-29 05:19:45,2023-10-15 20:51:36,2023-07-09 02:14:33,2024-04-26 17:31:55,2024-03-25 00:04:40,2024-08-16 19:38:17,2024-06-30 08:05:17
dummy_410,dummy_638,591,2023-06-29 01:54:33,2024-06-24 12:04:16,2023-04-14 13:45:15,2024-07-09 05:32:24,2023-12-02 17:51:59,2024-07-11 08:04:08,2024-09-16 14:21:12,2023-01-15 11:07:01,2024-01-03 06:45:05
dummy_675,dummy_202,687,2024-05-31 22:22:37,2023-11-23 16:08:26,2024-10-02 07:59:07,2024-05-10 08:27:26,2024-11-05 16:39:20,2023-05-07 12:50:18,2024-04-12 09:51:33,2023-10-30 21:56:55,2024-05-16 20:14:12
dummy_500,dummy_60,523,2023-01-13 20:04:26,2024-01-27 16:58:45,2024-07-30 16:51:35,2024-07-17 17:07:15,2023-07-08 05:01:18,2023-10-27 10:55:49,2024-04-10 23:48:52,2024-07-25 19:39:32,2023-12-09 01:21:20
dummy_795,dummy_184,795,2023-06-22 04:56:21,2024-09-10 05:36:45,2024-08-15 07:13:51,2023-03-27 01:50:21,2024-06-11 04:17:19,2023-02-02 19:40:32,2024-10-26 20:27:37,2023-10-06 02:44:59,2024-06-12 00:13:04
dummy_480,dummy_703,88,2024-05-06 14:31:13,2024-03-08 03:01:13,2023-02-15 15:05:47,2024-12-23 14:37:51,2023-12-21 14:36:02,2024-05-01 11:39:34,2023-11-21 14:20:15,2024-01-04 03:21:47,2023-06-07 08:35:56
dummy_675,dummy_813,949,2024-03-13 09:40:09,2023-07-02 04:03:25,2023-04-24 12:08:41,2023-07-16 02:35:33,2024-09-22 02:42:05,2023-11-07 12:23:39,2023-01-06 21:14:09,2023-11-06 17:05:44,2023-03-10 06:47:26
dummy_5,dummy_272,428,2023-04-01 15:32:51,2024-07-21 02:21:13,2023-12-10 13:36:56,2024-04-25 01:44:35,2023-05-13 02:36:16,2023-11-14 09:30:27,2023-10-05 10:47:04,2023-11-23 14:21:22,2024-03-02 13:34:40
dummy_467,dummy_650,923,2024-08-09 13:29:07,2024-02-08 19:54:28,2023-03-11 07:14:25,2024-05-23 03:32:51,2024-09-06 06:38:59,2023-09-11 15:19:06,2023-04-28 07:01:42,2024-05-14 12:19:45,2024-05-26 19:42:46
dummy_840,dummy_436,66,2024-11-25 18:01:06,2024-10-04 17:05:52,2024-03-30 11:01:12,2024-09-25 05:45:17,2023-04-17 18:23:17,2023-06-23 04:23:47,2023-06-26 00:13:31,2023-11-26 00:44:21,2024-05-09 03:21:13
dummy_718,dummy_672,204,2024-06-22 13:49:56,2023-08-08 04:43:55,2024-03-28 20:53:22,2023-06-30 18:00:49,2023-12-07 15:01:17,2023-04-10 21:47:30,2023-06-06 12:16:56,2023-12-23 23:38:14,2024-09-09 21:37:00
dummy_399,dummy_452,450,2023-04-26 10:53:40,2023-10-02 07:42:29,2023-02-19 14:41:19,2024-10-18 02:34:38,2024-09-24 10:25:06,2024-12-10 16:56:27,2024-09-01 19:51:37,2023-05-17 03:33:06,2023-12-09 18:40:51
dummy_753,dummy_591,29,2023-11-07 12:37:18,2023-12-15 21:37:08,2023-12-15 22:31:50,2024-05-31 15:22:18,2023-06-14 06:57:25,2024-01-23 12:06:35,2024-10-24 20:10:15,2024-01-09 01:22:02,2023-08-30 15:52:20
dummy_732,dummy_101,843,2023-09-28 11:34:45,2023-03-11 11:50:48,2024-11-23 12:57:22,2024-06-26 07:51:22,2023-02-20 10:25:18,2023-02-03 17:19:17,2024-03-05 19:32:23,2024-06-12 12:47:58,2023-10-24 23:06:36
dummy_977,dummy_252,709,2023-05-15 23:20:06,2024-05-27 05:21:10,2023-03-25 19:20:32,2023-07-26 00:56:54,2023-10-21 14:56:07,2023-07-24 13:17:41,2024-08-02 08:11:46,2023-04-09 05:48:03,2023-10-12 17:14:00
dummy_556,dummy_881,1,2023-11-19 05:23:14,2024-04-01 00:26:12,2024-01-27 08:30:47,2023-12-17 16:51:22,2024-05-31 08:36:06,2024-10-29 23:01:57,2023-09-07 18:22:23,2023-03-13 09:24:11,2024-10-31 03:26:19
dummy_712,dummy_996,396,2024-06-25 12:00:57,2023-07-28 03:56:46,2023-11-21 05:25:50,2024-06-22 18:36:13,2024-12-21 16:40:10,2024-03-22 06:02:52,2024-03-18 02:57:29,2024-09-18 20:58:36,2024-08-14 17:56:05
dummy_892,dummy_973,513,2023-11-10 19:06:08,2023-01-30 15:21:36,2023-06-11 21:21:07,2024-09-11 13:42:52,2023-05-04 09:20:54,2023-07-15 08:34:40,2024-08-03 03:59:27,2024-05-25 22:28:33,2024-08-04 10:39:30
dummy_186,dummy_85,970,2024-05-01 00:12:12,2024-10-16 12:19:59,2023-09-09 18:54:13,2024-12-15 21:44:51,2023-01-12 01:49:11,2023-02-16 09:41:34,2024-05-27 13:41:34,2024-02-14 20:14:12,2024-11-11 13:07:04
dummy_419,dummy_662,912,2024-09-22 08:36:09,2024-02-01 06:13:39,2024-06-17 02:56:35,2023-12-14 06:08:39,2024-12-05 19:05:08,2024-03-18 19:45:53,2024-02-10 17:04:29,2024-01-15 12:31:42,2023-04-12 05:25:54
dummy_404,dummy_122,427,2024-11-29 00:29:06,2024-05-07 15:05:38,2023-12-22 22:07:58,2024-09-02 10:46:09,2023-05-16 06:57:52,2023-09-26 15:21:34,2024-09-06 04:01:18,2024-03-27 01:49:18,2024-12-18 23:50:46
dummy_947,dummy_553,531,2024-11-10 00:44:21,2023-01-31 17:06:05,2023-07-01 02:28:54,2024-04-29 09:33:14,2024-03-12 23:51:37,2024-05-03 07:45:06,2024-07-20 22:15:23,2023-08-28 10:44:01,2023-10-12 12:44:33
dummy_822,dummy_413,756,2024-09-23 18:19:46,2023-09-20 14:55:08,2024-12-27 23:00:56,2024-05-23 12:37:13,2023-04-01 22:35:54,2024-05-08 14:52:13,2024-01-06 19:46:48,2023-02-27 12:56:15,2024-04-29 03:28:58
dummy_892,dummy_235,555,2024-04-18 20:07:51,2023-12-13 10:30:18,2024-12-05 08:29:32,2023-05-22 13:27:37,2024-04-06 09:14:43,2024-09-17 03:21:11,2024-12-05 12:52:50,2023-11-06 01:15:47,2024-06-28 07:07:58
dummy_287,dummy_47,356,2024-12-16 15:13:31,2024-11-14 23:55:46,2024-08-14 21:49:36,2024-05-15 02:45:38,2023-01-22 19:30:37,2023-06-20 21:46:04,2024-02-24 22:57:55,2024-06-22 10:05:36,2023-10-05 18:34:12
dummy_75,dummy_414,593,2024-02-15 12:22:08,2023-04-17 20:33:59,2024-12-11 08:03:15,2024-06-08 11:33:33,2023-04-20 01:18:06,2024-07-26 15:28:57,2023-06-02 03:37:53,2023-05-20 22:22:51,2024-09-02 22:42:19
dummy_334,dummy_682,612,2023-03-10 11:42:50,2024-09-20 09:54:56,2024-03-05 13:23:14,2024-12-09 20:11:12,2024-06-01 21:53:51,2023-04-23 08:14:16,2023-08-20 06:46:18,2023-12-14 17:15:03,2024-06-30 03:39:00
dummy_329,dummy_768,299,2024-09-11 02:02:24,2024-11-11 03:02:30,2024-02-23 12:30:26,2023-06-13 02:14:15,2023-09-23 02:49:55,2024-07-28 00:19:12,2023-03-29 23:13:11,2024-09-23 00:58:27,2023-10-09 21:23:15
dummy_653,dummy_147,659,2024-12-24 06:57:40,2023-09-26 09:57:16,2024-09-07 04:11:21,2024-07-31 12:29:46,2023-08-07 10:09:45,2024-10-10 18:42:34,2023-10-29 17:57:53,2024-11-17 20:07:16,2024-10-22 08:04:37
dummy_57,dummy_17,877,2023-11-22 11:18:35,2024-04-30 00:20:34,2024-11-16 00:48:41,2023-10-13 05:21:02,2024-02-28 18:43:53,2024-05-06 06:25:53,2024-11-03 02:17:42,2023-09-28 19:14:03,2023-06-29 15:35:45
dummy_235,dummy_616,383,2024-10-26 00:33:19,2024-02-18 09:29:56,2023-09-08 06:35:07,2024-03-27 16:46:57,2023-05-08 15:20:45,2024-02-01 13:46:17,2024-12-17 11:53:29,2024-12-10 00:58:00,2024-10-20 01:09:52
dummy_5,dummy_688,526,2024-04-06 12:58:07,2024-11-06 00:36:17,2024-06-14 16:58:32,2023-12-17 11:26:55,2024-04-06 09:07:18,2024-09-21 14:40:15,2024-11-23 18:19:02,2023-07-18 15:14:10,2023-05-04 09:01:47
dummy_35,dummy_981,189,2023-12-21 09:50:42,2024-05-11 17:14:00,2023-09-29 05:02:53,2023-08-08 08:51:03,2023-10-22 06:26:47,2024-06-10 13:20:26,2024-04-11 06:26:09,2024-07-07 05:18:25,2024-03-01 00:19:57
dummy_1,dummy_841,393,2023-06-09 18:42:18,2023-05-01 16:41:19,2024-04-19 18:20:39,2024-06-25 05:05:58,2024-06-26 19:18:04,2023-10-07 22:27:49,2024-09-02 03:31:50,2023-01-31 18:40:07,2024-08-25 01:37:54
dummy_538,dummy_718,572,2024-10-09 00:34:22,2024-05-26 04:26:10,2024-05-30 17:34:41,2024-11-06 04:33:12,2024-10-10 01:57:14,2023-04-14 23:58:58,2024-11-21 02:08:50,2023-03-13 17:16:19,2023-03-08 23:39:24
dummy_347,dummy_836,866,2023-02-07 03:53:42,2024-06-13 07:38:37,2024-01-31 03:24:26,2024-05-15 12:05:29,2023-12-24 09:15:53,2023-02-19 03:56:34,2024-12-27 00:41:17,2023-10-17 05:22:19,2024-06-21 16:32:40
dummy_657,dummy_794,795,2023-09-30 22:05:55,2024-09-15 23:00:21,2024-07-23 04:42:29,2023-10-02 19:10:00,2023-10-31 22:54:25,2023-08-26 11:16:28,2023-10-06 17:50:33,2024-06-22 15:58:08,2024-12-19 15:39:08
dummy_932,dummy_994,367,2023-10-08 22:24:52,2024-02-15 17:03:26,2023-06-18 00:25:04,2024-11-04 18:12:53,2024-10-19 02:49:30,2023-12-02 06:20:12,2023-02-18 22:18:46,2023-04-23 13:05:09,2024-02-08 21:30:25
dummy_741,dummy_948,902,2023-09-14 23:22:08,2024-10-01 12:04:44,2024-11-10 10:12:40,2023-02-15 09:04:17,2024-09-25 17:26:17,2023-04-29 03:48:06,2024-12-02 13:13:55,2024-06-04 03:34:44,2023-12-02 18:41:32
dummy_267,dummy_451,919,2023-02-20 19:38:36,2023-02-06 20:20:48,2024-01-29 16:08:47,2023-09-11 07:59:38,2024-09-21 21:52:42,2023-09-11 07:00:55,2024-06-22 08:15:49,2024-10-04 17:56:54,2023-11-28 10:54:33
dummy_865,dummy_693,76,2024-01-15 09:58:26,2023-12-31 07:28:12,2023-01-14 14:58:43,2023-12-26 02:20:06,2023-08-17 03:02:37,2023-01-25 01:11:17,2024-03-28 13:18:19,2023-08-03 16:26:28,2024-03-30 09:06:43
dummy_926,dummy_881,826,2023-07-09 16:01:10,2024-02-13 20:02:15,2023-09-04 12:34:23,2024-07-11 23:55:29,2024-03-03 08:52:57,2024-02-18 02:05:23,2023-12-27 19:49:37,2024-02-20 04:20:35,2024-07-16 19:20:49
dummy_330,dummy_130,403,2024-12-15 19:32:11,2024-08-16 14:29:42,2023-04-20 08:52:10,2024-11-25 06:41:32,2024-09-08 08:56:49,2023-01-18 21:14:49,2023-11-11 19:06:55,2023-01-09 16:20:57,2023-03-16 11:54:07
dummy_919,dummy_187,5,2024-03-31 14:45:21,2024-09-06 14:37:53,2024-06-24 11:28:05,2024-05-02 16:35:20,2023-06-18 06:27:09,2024-05-29 17:08:38,2024-03-26 23:43:52,2023-02-28 18:17:00,2023-05-20 14:51:11
dummy_834,dummy_270,859,2023-09-16 08:13:23,2024-02-20 22:42:40,2023-10-20 13:50:26,2024-03-16 12:02:54,2024-03-20 20:53:35,2024-09-19 09:39:26,2023-03-07 06:32:45,2024-04-25 12:10:24,2024-08-01 11:01:44
dummy_974,dummy_274,419,2024-02-11 03:58:44,2023-02-26 08:59:08,2024-06-05 03:44:19,2023-08-21 20:45:48,2024-10-20 15:05:04,2024-12-15 22:04:17,2024-06-21 05:43:37,2024-04-05 07:56:10,2024-10-14 07:10:25
dummy_107,dummy_759,294,2024-05-23 06:13:05,2023-11-23 16:01:14,2023-08-10 03:47:24,2023-02-07 04:16:50,2023-10-09 17:38:07,2023-03-09 21:43:33,2023-10-28 21:13:58,2024-06-11 01:54:44,2024-12-19 00:34:37
dummy_979,dummy_411,684,2024-11-19 21:31:15,2023-03-17 00:46:22,2023-06-18 00:25:51,2024-06-03 19:01:22,2023-07-19 09:20:08,2023-08-27 03:14:27,2023-07-07 20:45:10,2023-11-30 23:14:14,2023-02-17 07:48:21
dummy_153,dummy_837,617,2023-04-08 09:05:14,2023-05-18 06:01:53,2023-03-19 16:13:20,2023-06-11 10:39:03,2024-09-01 09:12:05,2023-04-21 13:42:26,2024-02-23 01:12:32,2023-02-23 14:10:02,2023-11-04 07:01:15
dummy_712,dummy_244,421,2023-02-22 19:54:15,2024-01-08 20:59:57,2024-06-10 09:17:44,2024-01-19 17:19:09,2024-09-07 01:43:07,2024-10-10 19:20:51,2024-10-12 02:02:01,2024-08-11 22:25:55,2023-05-30 21:45:44
dummy_948,dummy_650,745,2024-05-27 17:07:13,2024-01-10 17:05:21,2024-04-13 05:20:49,2024-08-25 07:21:13,2023-12-30 19:02:24,2024-08-17 03:45:31,2024-06-29 17:26:25,2024-01-09 09:18:14,2024-11-08 18:33:11
dummy_671,dummy_802,428,2024-12-22 04:01:33,2023-02-26 12:35:30,2024-07-11 18:46:41,2024-11-01 02:41:14,2023-04-15 17:14:49,2024-03-04 21:58:48,2023-04-27 12:27:55,2024-05-14 01:09:55,2023-01-26 00:48:29
dummy_50,dummy_213,891,2024-03-22 02:22:36,2024-07-10 07:16:31,2024-06-03 12:23:50,2023-01-03 03:29:57,2024-11-18 03:46:37,2023-10-17 16:02:14,2024-11-12 06:02:02,2023-10-11 13:24:48,2023-09-08 11:07:33
dummy_218,dummy_176,391,2023-06-11 17:53:18,2024-05-01 18:14:20,2024-01-02 02:11:22,2024-07-23 11:39:12,2023-12-26 10:16:14,2024-12-05 07:13:09,2023-09-24 07:06:42,2024-12-22 00:13:43,2024-05-13 19:23:31
dummy_641,dummy_293,488,2023-02-04 15:33:40,2024-07-28 21:15:14,2023-10-28 12:37:59,2024-09-02 12:16:39,2023-05-25 14:29:45,2024-06-02 21:31:07,2024-07-29 12:58:52,2023-01-18 13:01:38,2024-04-04 01:07:47
dummy_441,dummy_224,14,2023-05-20 04:45:39,2024-07-05 13:13:51,2023-06-07 08:29:58,2023-09-05 22:07:58,2024-06-20 10:32:43,2023-09-19 09:08:25,2024-09-19 05:25:56,2024-07-03 13:33:40,2023-02-01 12:55:44
dummy_24,dummy_521,154,2023-01-02 02:31:29,2023-11-03 08:09:10,2023-01-15 18:41:51,2024-09-27 21:15:02,2024-04-22 01:31:46,2024-10-31 00:14:33,2023-04-27 06:44:38,2024-09-06 16:36:38,2024-09-29 23:41:18
dummy_366,dummy_670,45,2023-03-07 03:40:39,2024-03-23 13:41:43,2023-09-06 12:33:53,2023-04-11 17:17:29,2023-09-13 14:59:49,2023-05-23 18:06:21,2023-03-02 01:35:32,2023-12-11 06:55:05,2023-06-24 03:56:55
dummy_178,dummy_237,40,2023-08-07 19:51:02,2024-03-08 22:05:06,2023-06-28 02:32:08,2023-04-18 01:29:25,2023-10-15 05:33:48,2023-11-07 23:30:30,2024-07-28 10:46:49,2024-06-17 11:23:22,2023-06-15 15:58:03
dummy_77,dummy_800,675,2023-08-05 10:36:37,2024-06-11 03:10:09,2024-10-30 22:21:01,2024-09-05 15:35:04,2024-07-05 21:35:42,2023-01-02 17:29:33,2024-05-21 19:21:11,2024-08-30 18:38:09,2024-04-08 16:45:16
dummy_682,dummy_271,686,2024-04-14 19:14:05,2023-08-19 13:51:59,2024-02-16 19:01:40,2024-04-01 03:35:35,2023-12-07 15:53:06,2023-11-27 06:26:14,2024-05-06 23:22:10,2024-03-13 14:54:34,2024-01-13 17:43:11
dummy_265,dummy_866,532,2023-11-22 02:25:22,2023-12-14 14:33:30,2023-08-02 18:40:57,2024-08-03 01:35:26,2023-01-13 16:34:07,2024-04-07 12:15:25,2023-08-16 06:30:44,2023-05-10 10:51:57,2024-07-24 11:51:32
dummy_898,dummy_785,751,2024-02-11 05:25:19,2024-07-12 18:48:34,2023-05-25 16:33:35,2023-02-14 11:42:58,2024-04-19 22:01:42,2024-10-22 07:33:21,2023-10-04 04:21:21,2023-07-19 12:59:13,2024-12-10 09:46:51
dummy_393,dummy_109,483,2024-08-17 20:33:25,2023-02-11 15:19:22,2024-04-13 19:36:22,2023-11-12 10:44:58,2024-07-11 01:19:42,2023-08-26 13:09:15,2023-03-04 12:58:00,2023-11-22 01:36:35,2023-04-08 11:24:40
dummy_996,dummy_701,817,2023-08-31 18:42:08,2023-03-09 14:59:47,2023-06-06 06:03:27,2023-07-15 04:54:30,2023-06-18 06:10:01,2024-08-18 08:52:04,2023-06-20 15:14:33,2024-07-31 08:12:38,2024-10-01 15:19:58
dummy_491,dummy_21,671,2023-12-07 17:40:08,2024-12-20 10:16:05,2023-06-27 05:46:53,2024-04-28 13:23:37,2023-04-20 23:44:37,2023-05-30 03:53:44,2024-02-08 01:58:27,2023-05-18 16:26:47,2023-01-23 19:49:14
dummy_536,dummy_485,212,2024-05-10 08:52:52,2023-06-07 15:19:51,2024-02-11 09:44:37,2023-03-28 10:59:11,2024-12-23 22:20:05,2024-05-13 18:47:43,2024-10-01 14:14:04,2023-01-30 21:11:35,2023-07-25 16:05:03
dummy_235,dummy_730,213,2023-08-13 03:30:00,2023-06-13 06:22:10,2023-01-21 01:52:19,2024-03-23 03:00:40,2023-07-04 15:46:28,2024-06-29 15:40:41,2023-03-19 08:50:28,2024-12-04 15:06:25,2023-02-06 04:26:15
dummy_891,dummy_263,493,2023-04-27 21:21:06,2024-12-16 18:54:52,2023-09-01 07:31:53,2024-04-28 05:11:36,2024-11-12 06:03:24,2024-06-08 10:10:41,2024-09-25 16:42:45,2023-08-10 20:17:34,2024-11-17 13:23:16
dummy_152,dummy_89,195,2023-11-08 18:27:19,2024-11-26 15:02:16,2024-01-10 11:20:28,2024-06-26 23:17:17,2024-12-07 14:51:00,2024-02-26 06:01:10,2023-11-04 00:15:44,2023-07-20 16:10:20,2023-06-23 07:55:05
dummy_930,dummy_950,661,2024-02-25 21:39:33,2024-11-25 20:32:29,2024-06-15 02:03:03,2024-08-26 15:09:04,2023-09-02 22:34:09,2024-11-25 14:09:59,2024-08-11 09:06:04,2023-03-15 11:04:32,2023-12-28 21:08:59
dummy_945,dummy_418,817,2024-08-20 20:45:59,2023-05-06 21:55:16,2024-04-25 19:07:53,2024-02-10 08:31:39,2023-07-19 10:24:16,2023-05-13 15:26:56,2023-10-09 21:15:20,2024-03-31 14:05:13,2024-05-22 06:58:09
dummy_499,dummy_373,988,2024-06-05 21:31:28,2023-04-12 15:21:41,2024-03-27 16:44:25,2024-03-05 14:15:53,2024-06-17 11:21:44,2024-05-17 13:52:53,2024-10-19 12:27:12,2024-01-28 17:01:04,2023-12-23 19:12:39
dummy_80,dummy_261,726,2023-05-09 18:48:37,2023-02-10 15:49:04,2024-06-29 03:35:33,2024-12-23 05:44:13,2023-01-04 09:16:17,2024-05-08 06:52:13,2023-12-01 08:11:50,2024-10-05 05:59:11,2024-09-18 02:19:04
dummy_540,dummy_666,386,2023-02-06 00:22:23,2023-03-07 17:15:24,2023-03-12 22:31:52,2024-05-09 22:41:35,2023-03-01 14:30:57,2024-02-13 03:19:29,2023-01-07 01:53:03,2023-08-22 16:15:56,2024-10-05 01:13:30
dummy_243,dummy_70,147,2024-05-22 13:26:04,2023-06-23 18:18:37,2024-03-11 03:52:08,2023-01-25 15:50:38,2024-04-15 08:20:14,2024-06-25 15:37:53,2023-04-26 15:55:13,2024-07-02 12:11:00,2023-10-04 13:56:58
dummy_907,dummy_782,518,2024-05-15 15:19:40,2024-07-16 07:56:42,2024-06-21 20:04:45,2023-09-24 22:30:01,2023-06-18 00:58:19,2023-03-28 08:00:29,2024-06-03 19:25:24,2024-01-25 02:22:16,2023-09-22 04:04:20
dummy_412,dummy_257,565,2024-11-12 16:13:23,2024-02-14 13:30:57,2023-02-02 10:18:18,2024-06-17 15:36:24,2024-01-10 04:19:08,2023-01-13 05:30:49,2023-03-17 01:22:47,2024-07-29 14:47:41,2024-06-28 14:26:24
dummy_703,dummy_904,582,2023-08-18 14:44:39,2024-07-03 20:38:48,2023-07-15 04:57:38,2023-03-06 01:06:06,2024-09-02 05:47:29,2023-08-11 10:28:00,2023-07-09 11:04:32,2023-01-12 06:49:34,2023-01-16 15:02:20
dummy_36,dummy_372,705,2023-10-24 17:26:42,2024-11-02 13:22:22,2023-12-09 01:33:08,2023-09-24 03:24:41,2023-11-27 00:49:40,2024-08-14 16:10:56,2024-07-06 10:26:05,2024-06-16 14:23:52,2023-06-20 02:47:18
dummy_97,dummy_824,415,2024-11-19 22:22:44,2023-09-07 15:40:04,2024-04-03 05:53:39,2024-09-13 15:23:29,2024-08-18 19:07:50,2024-10-12 02:11:45,2024-01-19 20:05:00,2023-11-10 10:05:59,2024-03-25 21:58:12
dummy_612,dummy_943,815,2023-09-01 17:37:43,2024-04-28 18:32:21,2023-06-21 00:35:25,2024-07-22 04:08:12,2023-09-28 02:21:06,2024-04-16 02:59:25,2023-06-16 13:08:23,2023-02-04 20:40:58,2024-05-12 04:21:22
dummy_69,dummy_739,482,2024-09-07 12:51:34,2023-07-09 18:20:34,2024-07-18 22:21:01,2024-11-24 19:35:20,2023-07-28 06:41:33,2023-10-08 16:28:19,2024-01-19 21:16:31,2024-09-30 07:06:48,2023-02-17 18:55:10
dummy_304,dummy_731,525,2023-09-02 10:17:52,2023-03-08 03:04:14,2023-08-10 12:03:43,2024-07-26 21:11:09,2024-11-22 18:40:22,2024-05-11 17:59:09,2023-01-03 13:19:13,2024-04-06 22:40:55,2024-02-17 15:49:44
dummy_20,dummy_8,647,2023-05-22 19:14:38,2024-07-10 06:12:55,2023-11-04 21:34:06,2023-08-28 03:57:21,2023-04-15 07:22:24,2024-12-28 22:49:00,2024-06-21 16:02:15,2024-06-05 21:49:32,2024-04-19 08:38:32
dummy_599,dummy_271,389,2023-05-27 19:23:42,2024-02-26 06:56:26,2023-03-10 05:50:20,2023-11-21 10:16:36,2024-01-01 14:47:14,2023-11-14 07:36:25,2024-07-10 11:56:53,2024-05-12 11:15:00,2023-04-22 13:13:35
dummy_96,dummy_690,861,2023-08-19 10:36:20,2024-05-25 10:56:08,2023-04-21 11:02:42,2023-05-03 22:37:41,2023-03-13 01:46:23,2023-11-16 16:09:10,2023-01-21 04:28:04,2024-05-03 15:36:20,2024-05-12 16:02:53
dummy_695,dummy_206,721,2023-08-06 13:30:37,2024-05-23 00:13:47,2023-07-12 03:20:34,2024-10-19 05:47:19,2024-12-24 07:17:03,2023-06-09 19:05:11,2023-08-05 03:11:18,2024-08-10 02:27:08,2023-08-11 14:23:01
dummy_185,dummy_967,223,2023-10-06 15:47:23,2023-07-14 07:12:37,2024-06-28 19:51:32,2023-01-22 02:21:15,2024-07-31 13:40:28,2024-01-02 11:23:32,2023-02-09 22:33:26,2023-06-24 12:55:30,2024-02-05 07:15:05
dummy_731,dummy_655,621,2023-12-18 19:29:55,2024-06-29 06:27:31,2023-12-10 13:24:44,2023-05-18 00:41:01,2023-02-18 12:27:56,2024-11-06 18:50:50,2024-06-21 04:47:12,2023-05-04 11:25:19,2024-03-08 02:30:36
dummy_553,dummy_851,928,2024-02-02 14:26:17,2023-11-16 18:15:31,2023-03-25 23:56:00,2024-05-27 17:27:10,2023-05-01 20:53:08,2023-08-10 23:38:16,2023-01-14 19:45:20,2023-09-05 13:16:50,2024-04-02 19:33:12
dummy_707,dummy_917,395,2024-05-23 21:45:02,2023-12-15 00:18:25,2023-04-07 21:50:11,2024-01-07 04:26:00,2023-06-17 21:17:43,2024-03-05 14:23:29,2024-06-24 04:47:34,2024-12-13 07:19:01,2024-01-13 23:28:18
dummy_357,dummy_643,811,2023-08-14 16:05:45,2024-09-01 16:00:22,2023-11-30 06:19:58,2024-09-14 00:02:34,2023-05-30 04:13:18,2024-09-09 00:54:37,2024-04-23 22:24:48,2024-08-26 19:19:27,2023-02-25 22:08:52
